{
  "accuracy": 0.8379888268156425,
  "precision": 0.8169014084507042,
  "recall": 0.7837837837837838,
  "f1_score": 0.8
}