{
  "accuracy": 0.8268156424581006,
  "precision": 0.7945205479452054,
  "recall": 0.7837837837837838,
  "f1_score": 0.7891156462585034
}