{
  "accuracy": 0.8156424581005587,
  "precision": 0.7887323943661971,
  "recall": 0.7567567567567568,
  "f1_score": 0.7724137931034483
}